form_record_id,parent_form_id,parent_field_id,parent_record_id,Sample Type,Sample Barcode,Sample Labels (Add Back in Office),Sample Label
rec-c4f7124efec945b2beb0f1ebeeb2507d,frm-a596bdf78a3f453ca12ae050c04e5faf,fld-5c5ec20f701747a099bf22eeab163484,rec-a5ab51f95ab94c9da3bf0df273ab9b57,Hair,,,cl-EV268
rec-b2bb76cc3ebf498b996b4ea56ef5e3ab,frm-a596bdf78a3f453ca12ae050c04e5faf,fld-5c5ec20f701747a099bf22eeab163484,rec-be20333c8bde440db872149cf202048e,Hair,,,cl-EV267
rec-aeb77fb981f74543bd7cc822e7516178,frm-a596bdf78a3f453ca12ae050c04e5faf,fld-5c5ec20f701747a099bf22eeab163484,rec-ce9d493090b241f3bc6d86e67fe78749,Hair,1687,,cl-EV265
rec-6a536fb8f4884b7087ef57b27ee03e36,frm-a596bdf78a3f453ca12ae050c04e5faf,fld-5c5ec20f701747a099bf22eeab163484,rec-ce9d493090b241f3bc6d86e67fe78749,Tooth,1686,,cl-EV266
rec-df78a6fa583d49b0a3a7224e821e9341,frm-a596bdf78a3f453ca12ae050c04e5faf,fld-5c5ec20f701747a099bf22eeab163484,rec-695b72bc35564fcdbaf096df958eb736,Hair,14724,,cl-EV261
rec-1e01a7f9fe9f4cd09e2c38ba422a280b,frm-a596bdf78a3f453ca12ae050c04e5faf,fld-5c5ec20f701747a099bf22eeab163484,rec-695b72bc35564fcdbaf096df958eb736,Hair,14725,,cl-EV262
rec-bf38252c19d147f397e5b14ef78ce657,frm-a596bdf78a3f453ca12ae050c04e5faf,fld-5c5ec20f701747a099bf22eeab163484,rec-695b72bc35564fcdbaf096df958eb736,Tissue,14726,,cl-EV263
rec-6aff72ce94654e739fb7856b0ff66bdc,frm-a596bdf78a3f453ca12ae050c04e5faf,fld-5c5ec20f701747a099bf22eeab163484,rec-695b72bc35564fcdbaf096df958eb736,Tooth,14727,,cl-EV264
rec-d4c3e7148c554dc697314676e7c8c1da,frm-a596bdf78a3f453ca12ae050c04e5faf,fld-5c5ec20f701747a099bf22eeab163484,rec-a44646cb1d4849c58500a180a4e0eee4,Hair,1603,,cl-EV259
rec-a1e8f7d6666d40e0bfc59b909f622d22,frm-a596bdf78a3f453ca12ae050c04e5faf,fld-5c5ec20f701747a099bf22eeab163484,rec-a44646cb1d4849c58500a180a4e0eee4,Hair,1613,,cl-EV260
rec-c38a75448a2a4d2983fa7b31c793cdbe,frm-a596bdf78a3f453ca12ae050c04e5faf,fld-5c5ec20f701747a099bf22eeab163484,rec-2602f48d89b4422cb64b4e33ec60a233,Hair,14691,,cl-EV255
rec-02fc1004b2424b82844cf39acb244c93,frm-a596bdf78a3f453ca12ae050c04e5faf,fld-5c5ec20f701747a099bf22eeab163484,rec-2602f48d89b4422cb64b4e33ec60a233,Hair,14706,,cl-EV256
rec-af18e25ace8d473eb22e5371e16149d8,frm-a596bdf78a3f453ca12ae050c04e5faf,fld-5c5ec20f701747a099bf22eeab163484,rec-2602f48d89b4422cb64b4e33ec60a233,Tissue,14722,,cl-EV257
rec-a53f4784f9e94b3f954de3479b7c601b,frm-a596bdf78a3f453ca12ae050c04e5faf,fld-5c5ec20f701747a099bf22eeab163484,rec-2602f48d89b4422cb64b4e33ec60a233,Tooth,14723,,cl-EV258
rec-1c9d118ee83941ea952492ab8a91260d,frm-a596bdf78a3f453ca12ae050c04e5faf,fld-5c5ec20f701747a099bf22eeab163484,rec-9078cb49be534246bbffc81686ccc2f9,Hair,1610,,cl-EV252
rec-5dd16022102e4dd0a695dde6c6cafc2e,frm-a596bdf78a3f453ca12ae050c04e5faf,fld-5c5ec20f701747a099bf22eeab163484,rec-9078cb49be534246bbffc81686ccc2f9,Hair,1611,,cl-EV253
rec-33ac3a54e2b0447eab02feeda5a02821,frm-a596bdf78a3f453ca12ae050c04e5faf,fld-5c5ec20f701747a099bf22eeab163484,rec-9078cb49be534246bbffc81686ccc2f9,Tissue,1609,,cl-EV254
rec-d6c0078e36ed4717a21f4b986fbc5428,frm-a596bdf78a3f453ca12ae050c04e5faf,fld-5c5ec20f701747a099bf22eeab163484,rec-fd19273fee1d4600b16765a8a14c6cc1,Hair,1606,,cl-EV250
rec-1ee322a311144a10827bcf35b012d6d1,frm-a596bdf78a3f453ca12ae050c04e5faf,fld-5c5ec20f701747a099bf22eeab163484,rec-fd19273fee1d4600b16765a8a14c6cc1,Hair,1607,,cl-EV251
rec-94b2f4bc38df40e0b8b165431de60cb7,frm-a596bdf78a3f453ca12ae050c04e5faf,fld-5c5ec20f701747a099bf22eeab163484,rec-9021e6adc3b1421b9fcd07c052e98e5e,Hair,14677,,cl-EV246
rec-a3b121e4bd42400a89ec90004016065d,frm-a596bdf78a3f453ca12ae050c04e5faf,fld-5c5ec20f701747a099bf22eeab163484,rec-9021e6adc3b1421b9fcd07c052e98e5e,Hair,14678,,cl-EV247
rec-87d0139252ad417f9f116f5796d6641b,frm-a596bdf78a3f453ca12ae050c04e5faf,fld-5c5ec20f701747a099bf22eeab163484,rec-9021e6adc3b1421b9fcd07c052e98e5e,Tissue,14679,,cl-EV248
rec-d93e9e6be8d747c183d42c98ea28bb3b,frm-a596bdf78a3f453ca12ae050c04e5faf,fld-5c5ec20f701747a099bf22eeab163484,rec-9021e6adc3b1421b9fcd07c052e98e5e,Tooth,14680,,cl-EV249
rec-8de586a00705407397ad2a78155af447,frm-a596bdf78a3f453ca12ae050c04e5faf,fld-5c5ec20f701747a099bf22eeab163484,rec-0aed2603bafd4f60b4e75dc279fca5ef,Hair,1612,,cl-EV244
rec-d36d41d3bb7748c9951ec6bef1a4343c,frm-a596bdf78a3f453ca12ae050c04e5faf,fld-5c5ec20f701747a099bf22eeab163484,rec-0aed2603bafd4f60b4e75dc279fca5ef,Hair,1614,,cl-EV245
rec-d7de4b8e032b4fd88cf6350671370483,frm-a596bdf78a3f453ca12ae050c04e5faf,fld-5c5ec20f701747a099bf22eeab163484,rec-e9c2294f640742eabf5895d39b8fa453,Hair,1618,,cl-EV240
rec-46f188680d764f8ab46738d68473000c,frm-a596bdf78a3f453ca12ae050c04e5faf,fld-5c5ec20f701747a099bf22eeab163484,rec-e9c2294f640742eabf5895d39b8fa453,Hair,1617,,cl-EV241
rec-efaa978e40ea4cf48d2a8daa4a0f96f3,frm-a596bdf78a3f453ca12ae050c04e5faf,fld-5c5ec20f701747a099bf22eeab163484,rec-e9c2294f640742eabf5895d39b8fa453,Tissue,1616,,cl-EV242
rec-938202c613024321b94e280636c33e23,frm-a596bdf78a3f453ca12ae050c04e5faf,fld-5c5ec20f701747a099bf22eeab163484,rec-e9c2294f640742eabf5895d39b8fa453,Tooth,1615,,cl-EV243
rec-63e69e9401614a968bd4072185a6118c,frm-a596bdf78a3f453ca12ae050c04e5faf,fld-5c5ec20f701747a099bf22eeab163484,rec-8a6af8993d724af1bc54b4bd99485196,Hair,13467,,cl-EV239
rec-1f50e0d600ec4966aa5ca0f80ff532ea,frm-a596bdf78a3f453ca12ae050c04e5faf,fld-5c5ec20f701747a099bf22eeab163484,rec-f1750b9e64ea465a914df42d86dc44b1,Hair,14446,,cl-EV235
rec-1503e0907c6642f08e8c6d47a575ea4a,frm-a596bdf78a3f453ca12ae050c04e5faf,fld-5c5ec20f701747a099bf22eeab163484,rec-f1750b9e64ea465a914df42d86dc44b1,Hair,14674,,cl-EV236
rec-c2ac4d2742574ce7b08103fba18c56fc,frm-a596bdf78a3f453ca12ae050c04e5faf,fld-5c5ec20f701747a099bf22eeab163484,rec-f1750b9e64ea465a914df42d86dc44b1,Tissue,14447,,cl-EV237
rec-e4b76c87c8044c80a0dd33098207fc0a,frm-a596bdf78a3f453ca12ae050c04e5faf,fld-5c5ec20f701747a099bf22eeab163484,rec-f1750b9e64ea465a914df42d86dc44b1,Tooth,14448,,cl-EV238
rec-ca55257077b74ed399e0b76c6f3c4e26,frm-a596bdf78a3f453ca12ae050c04e5faf,fld-5c5ec20f701747a099bf22eeab163484,rec-cc7a32188bde44d69b731c6d724a63aa,Hair,14877,,cl-EV232
rec-b9f2ebf70f44446989ec6da43e6c0654,frm-a596bdf78a3f453ca12ae050c04e5faf,fld-5c5ec20f701747a099bf22eeab163484,rec-cc7a32188bde44d69b731c6d724a63aa,Hair,14878,,cl-EV233
rec-781b274f03e4476ab79047678d4ed7c9,frm-a596bdf78a3f453ca12ae050c04e5faf,fld-5c5ec20f701747a099bf22eeab163484,rec-cc7a32188bde44d69b731c6d724a63aa,Tissue,14879,,cl-EV234
rec-7763cbf7b54a44ea989b5aba9fabf65e,frm-a596bdf78a3f453ca12ae050c04e5faf,fld-5c5ec20f701747a099bf22eeab163484,rec-c89c3a40317b44bda68b63535ffe8320,Hair,14880,,cl-EV228
rec-95c5a65c9d7f4604935e84761d51d293,frm-a596bdf78a3f453ca12ae050c04e5faf,fld-5c5ec20f701747a099bf22eeab163484,rec-c89c3a40317b44bda68b63535ffe8320,Hair,14881,,cl-EV229
rec-d4d2752cef2c4528a92b25bd4075e69b,frm-a596bdf78a3f453ca12ae050c04e5faf,fld-5c5ec20f701747a099bf22eeab163484,rec-c89c3a40317b44bda68b63535ffe8320,Tissue,14882,,cl-EV230
rec-9221e0696eeb413db2b4da414bdce2f9,frm-a596bdf78a3f453ca12ae050c04e5faf,fld-5c5ec20f701747a099bf22eeab163484,rec-c89c3a40317b44bda68b63535ffe8320,Tooth,14883,,cl-EV231
rec-80c596b844fa48d29554100da2b8883e,frm-a596bdf78a3f453ca12ae050c04e5faf,fld-5c5ec20f701747a099bf22eeab163484,rec-3229286675d242f6bb3836694bca285d,Hair,14890,,cl-EV224
rec-65d189d9a9b94991b7d9e0f1c7a6a8e3,frm-a596bdf78a3f453ca12ae050c04e5faf,fld-5c5ec20f701747a099bf22eeab163484,rec-3229286675d242f6bb3836694bca285d,Hair,14891,,cl-EV225
rec-607150c9786b44bca51fc01e5382ad4b,frm-a596bdf78a3f453ca12ae050c04e5faf,fld-5c5ec20f701747a099bf22eeab163484,rec-3229286675d242f6bb3836694bca285d,Tissue,14952,,cl-EV226
rec-5de31064cb404bae9d1e29f974769245,frm-a596bdf78a3f453ca12ae050c04e5faf,fld-5c5ec20f701747a099bf22eeab163484,rec-3229286675d242f6bb3836694bca285d,Tooth,14953,,cl-EV227
rec-7d1aadf8a41448369f92351f988e39a9,frm-a596bdf78a3f453ca12ae050c04e5faf,fld-5c5ec20f701747a099bf22eeab163484,rec-b93562fa1896459c8fb058498da92712,Hair,14886,,cl-EV220
rec-a8b958a23c8a427a94632415c1460d9b,frm-a596bdf78a3f453ca12ae050c04e5faf,fld-5c5ec20f701747a099bf22eeab163484,rec-b93562fa1896459c8fb058498da92712,Hair,14887,,cl-EV221
rec-1ed7226915544604a689634564f7ffd8,frm-a596bdf78a3f453ca12ae050c04e5faf,fld-5c5ec20f701747a099bf22eeab163484,rec-b93562fa1896459c8fb058498da92712,Tissue,14888,,cl-EV222
rec-a88b20c46c424a0f85e3318c9dba5213,frm-a596bdf78a3f453ca12ae050c04e5faf,fld-5c5ec20f701747a099bf22eeab163484,rec-b93562fa1896459c8fb058498da92712,Tooth,14889,,cl-EV223
rec-593d4f9c36b3439aafe1905761869f36,frm-a596bdf78a3f453ca12ae050c04e5faf,fld-5c5ec20f701747a099bf22eeab163484,rec-d4bc398fbe0f431393b94f919668f74f,Hair,14954,,cl-EV217
rec-ef2f3c46576443b2b9a55a74846bf530,frm-a596bdf78a3f453ca12ae050c04e5faf,fld-5c5ec20f701747a099bf22eeab163484,rec-d4bc398fbe0f431393b94f919668f74f,Hair,14955,,cl-EV218
rec-68092471cb1f456cb277c1c6dd6e0ad2,frm-a596bdf78a3f453ca12ae050c04e5faf,fld-5c5ec20f701747a099bf22eeab163484,rec-d4bc398fbe0f431393b94f919668f74f,Tissue,14956,,cl-EV219
rec-961c63a0f0de4d5d90b55c88c595a506,frm-a596bdf78a3f453ca12ae050c04e5faf,fld-5c5ec20f701747a099bf22eeab163484,rec-4b12d839f46b4dd5bc86ccff0eb037d1,Hair,14957,,cl-EV213
rec-79ca2a62ae324c118faeb281ac161e7b,frm-a596bdf78a3f453ca12ae050c04e5faf,fld-5c5ec20f701747a099bf22eeab163484,rec-4b12d839f46b4dd5bc86ccff0eb037d1,Hair,14958,,cl-EV214
rec-ce8cc1d32c204c6b92ebabf22a0e886e,frm-a596bdf78a3f453ca12ae050c04e5faf,fld-5c5ec20f701747a099bf22eeab163484,rec-4b12d839f46b4dd5bc86ccff0eb037d1,Tissue,14959,,cl-EV215
rec-ac362a5f598e4e1ca33e85701e708c4b,frm-a596bdf78a3f453ca12ae050c04e5faf,fld-5c5ec20f701747a099bf22eeab163484,rec-4b12d839f46b4dd5bc86ccff0eb037d1,Tooth,15343,,cl-EV216
rec-cc1e96110e314782b7eab99e4a4d435a,frm-a596bdf78a3f453ca12ae050c04e5faf,fld-5c5ec20f701747a099bf22eeab163484,rec-f5a097dea78742f784f8c4bb7ba5fe71,Hair,15339,,cl-EV210
rec-eec9cb5cfc2944298556dee788a6e5ec,frm-a596bdf78a3f453ca12ae050c04e5faf,fld-5c5ec20f701747a099bf22eeab163484,rec-f5a097dea78742f784f8c4bb7ba5fe71,Hair,15340,,cl-EV211
rec-2e426abf3df246ae9a024fb98de68c57,frm-a596bdf78a3f453ca12ae050c04e5faf,fld-5c5ec20f701747a099bf22eeab163484,rec-f5a097dea78742f784f8c4bb7ba5fe71,Tissue,15341,,cl-EV212
rec-970f83db0a3c4224ab2bf07fa2f13def,frm-a596bdf78a3f453ca12ae050c04e5faf,fld-5c5ec20f701747a099bf22eeab163484,rec-3ecfe407fafa42a88d82ada261d08003,Hair,14451,,cl-EV206
rec-6f3af63ba61c41d6baafa88f975f3207,frm-a596bdf78a3f453ca12ae050c04e5faf,fld-5c5ec20f701747a099bf22eeab163484,rec-3ecfe407fafa42a88d82ada261d08003,Hair,14452,,cl-EV207
rec-e1e758e108a64298a4c2ac088643cb84,frm-a596bdf78a3f453ca12ae050c04e5faf,fld-5c5ec20f701747a099bf22eeab163484,rec-3ecfe407fafa42a88d82ada261d08003,Tissue,14453,,cl-EV208
rec-7e68abb56bc34672a3f37512d6cb2d78,frm-a596bdf78a3f453ca12ae050c04e5faf,fld-5c5ec20f701747a099bf22eeab163484,rec-3ecfe407fafa42a88d82ada261d08003,Tooth,14454,,cl-EV209
rec-ae114e5f05a346f8ae452f8fad703741,frm-a596bdf78a3f453ca12ae050c04e5faf,fld-5c5ec20f701747a099bf22eeab163484,rec-32e1d61c2b2b48088b1ce5cefdce76ef,Hair,14510,,cl-EV204
rec-ce7b165c6e6045e78c06c4a8d55b5bb2,frm-a596bdf78a3f453ca12ae050c04e5faf,fld-5c5ec20f701747a099bf22eeab163484,rec-32e1d61c2b2b48088b1ce5cefdce76ef,Tissue,14511,,cl-EV205
rec-9ca92b3173ff484aa6f2162aeddac450,frm-a596bdf78a3f453ca12ae050c04e5faf,fld-5c5ec20f701747a099bf22eeab163484,rec-04c061a3378341839019ee9dfb554bdc,Hair,14512,,cl-EV203
rec-baa635182249427fa6250d15988c4a9a,frm-a596bdf78a3f453ca12ae050c04e5faf,fld-5c5ec20f701747a099bf22eeab163484,rec-83f68d6d137b4f5cb7beabb55461538f,Hair,15336,,cl-EV201
rec-1e306e6ae56a432e924c01f892b024cd,frm-a596bdf78a3f453ca12ae050c04e5faf,fld-5c5ec20f701747a099bf22eeab163484,rec-83f68d6d137b4f5cb7beabb55461538f,Tissue,15334,,cl-EV202
rec-c7e17746fd4c4806b293cdffdf210445,frm-a596bdf78a3f453ca12ae050c04e5faf,fld-5c5ec20f701747a099bf22eeab163484,rec-ac60cfbeaca14a0ba3ae908e20bc692f,Hair,15335,,cl-EV198
rec-154d7953731f44a4aaf450929c3c7a12,frm-a596bdf78a3f453ca12ae050c04e5faf,fld-5c5ec20f701747a099bf22eeab163484,rec-ac60cfbeaca14a0ba3ae908e20bc692f,Tissue,15333,,cl-EV199
rec-c915b13e4e98432e9ad7e1c46b6a98f8,frm-a596bdf78a3f453ca12ae050c04e5faf,fld-5c5ec20f701747a099bf22eeab163484,rec-ac60cfbeaca14a0ba3ae908e20bc692f,Tooth,14672,,cl-EV200
rec-7ad040fa369e43239bb5a73ee85fc62d,frm-a596bdf78a3f453ca12ae050c04e5faf,fld-5c5ec20f701747a099bf22eeab163484,rec-908afe99906a47b696ebe88d13587695,Hair,14669,,cl-EV195
rec-9594dcb937534a6893057a44bc55388f,frm-a596bdf78a3f453ca12ae050c04e5faf,fld-5c5ec20f701747a099bf22eeab163484,rec-908afe99906a47b696ebe88d13587695,Tissue,14668,,cl-EV196
rec-e8a0071215e146158f16397f0e9a9094,frm-a596bdf78a3f453ca12ae050c04e5faf,fld-5c5ec20f701747a099bf22eeab163484,rec-908afe99906a47b696ebe88d13587695,Tooth,14670,,cl-EV197
rec-8562a3040d1e42b79e46b2ecb0b1fcf9,frm-a596bdf78a3f453ca12ae050c04e5faf,fld-5c5ec20f701747a099bf22eeab163484,rec-d8eb8968291c4e15b5626610c994869f,Hair,14627,,cl-EV191
rec-1b44228b1bf04f0ea99fde90da9aa4d3,frm-a596bdf78a3f453ca12ae050c04e5faf,fld-5c5ec20f701747a099bf22eeab163484,rec-d8eb8968291c4e15b5626610c994869f,Hair,14628,,cl-EV192
rec-8a06dde72a324d06870ba2ef4c5a93a5,frm-a596bdf78a3f453ca12ae050c04e5faf,fld-5c5ec20f701747a099bf22eeab163484,rec-d8eb8968291c4e15b5626610c994869f,Tissue,14629,,cl-EV193
rec-7b18cb3966dc415ea829d29a712d26ca,frm-a596bdf78a3f453ca12ae050c04e5faf,fld-5c5ec20f701747a099bf22eeab163484,rec-d8eb8968291c4e15b5626610c994869f,Tooth,,,cl-EV194
rec-e353df0bbeee440ebadfa2f8d4e990e7,frm-a596bdf78a3f453ca12ae050c04e5faf,fld-5c5ec20f701747a099bf22eeab163484,rec-34ee0ff190154798b328407c5d0af497,Hair,15142,,cl-EV187
rec-82815a7843cd4114903b16a89188c738,frm-a596bdf78a3f453ca12ae050c04e5faf,fld-5c5ec20f701747a099bf22eeab163484,rec-34ee0ff190154798b328407c5d0af497,Hair,15143,,cl-EV188
rec-b83e8bba15054da8a9cc86e46306c2c8,frm-a596bdf78a3f453ca12ae050c04e5faf,fld-5c5ec20f701747a099bf22eeab163484,rec-34ee0ff190154798b328407c5d0af497,Tissue,15144,,cl-EV189
rec-67a6b406494443e18131833e130121ed,frm-a596bdf78a3f453ca12ae050c04e5faf,fld-5c5ec20f701747a099bf22eeab163484,rec-34ee0ff190154798b328407c5d0af497,Tooth,15146,,cl-EV190
rec-f5ebfaadc1c040e78b67356611c03aee,frm-a596bdf78a3f453ca12ae050c04e5faf,fld-5c5ec20f701747a099bf22eeab163484,rec-ff1cb303fa4548d68c72592028372284,Hair,14625,,cl-EV184
rec-cd42e1eda0004b9cbd04f6c79d0cca34,frm-a596bdf78a3f453ca12ae050c04e5faf,fld-5c5ec20f701747a099bf22eeab163484,rec-ff1cb303fa4548d68c72592028372284,Hair,14626,,cl-EV185
rec-e777a74fc64a4540ae836340c10deaf7,frm-a596bdf78a3f453ca12ae050c04e5faf,fld-5c5ec20f701747a099bf22eeab163484,rec-ff1cb303fa4548d68c72592028372284,Tissue,15145,,cl-EV186
rec-f6bf7106c87c462da38f3b13482dcdb2,frm-a596bdf78a3f453ca12ae050c04e5faf,fld-5c5ec20f701747a099bf22eeab163484,rec-7a24dcf1fa2649d6a13ac0f54b64eb79,Hair,14592,,cl-EV182
rec-5d5a4c13621843a3a5fd09573b5b30ce,frm-a596bdf78a3f453ca12ae050c04e5faf,fld-5c5ec20f701747a099bf22eeab163484,rec-7a24dcf1fa2649d6a13ac0f54b64eb79,Hair,14596,,cl-EV183
rec-42844566b3734f18b779602125a3df7c,frm-a596bdf78a3f453ca12ae050c04e5faf,fld-5c5ec20f701747a099bf22eeab163484,rec-26a7918109ee44f4923f38930785dfe5,Hair,14588,,cl-EV178
rec-b004edce05424eb09db3009cb0bfc873,frm-a596bdf78a3f453ca12ae050c04e5faf,fld-5c5ec20f701747a099bf22eeab163484,rec-26a7918109ee44f4923f38930785dfe5,Hair,14589,,cl-EV179
rec-b0cd989c6bdc4f4d860dcc6c8511b53c,frm-a596bdf78a3f453ca12ae050c04e5faf,fld-5c5ec20f701747a099bf22eeab163484,rec-26a7918109ee44f4923f38930785dfe5,Tissue,14590,,cl-EV180
rec-8625e95917a849d2aab8a7e9932d8c3c,frm-a596bdf78a3f453ca12ae050c04e5faf,fld-5c5ec20f701747a099bf22eeab163484,rec-26a7918109ee44f4923f38930785dfe5,Tooth,14591,,cl-EV181
rec-d6519a663b724f4a84ffa8d85d9c9c95,frm-a596bdf78a3f453ca12ae050c04e5faf,fld-5c5ec20f701747a099bf22eeab163484,rec-84acd859cd6a462fa2126714374f4776,Hair,14583,,cl-EV174
rec-35ba7abf988f4f32b7c064c5e30ef476,frm-a596bdf78a3f453ca12ae050c04e5faf,fld-5c5ec20f701747a099bf22eeab163484,rec-84acd859cd6a462fa2126714374f4776,Hair,14585,,cl-EV175
rec-f0d622ed819c41bd974fc9d3fb9f5bac,frm-a596bdf78a3f453ca12ae050c04e5faf,fld-5c5ec20f701747a099bf22eeab163484,rec-84acd859cd6a462fa2126714374f4776,Tissue,14586,,cl-EV176
rec-d4fa7b28d3c14374bfd4bfbe0fba8cde,frm-a596bdf78a3f453ca12ae050c04e5faf,fld-5c5ec20f701747a099bf22eeab163484,rec-84acd859cd6a462fa2126714374f4776,Tooth,14587,,cl-EV177
rec-70e668488c7c4abe84e25fca2a266b76,frm-a596bdf78a3f453ca12ae050c04e5faf,fld-5c5ec20f701747a099bf22eeab163484,rec-d6cf462765cd4d50975b8d8511163e17,Hair,14584,,cl-EV173
rec-aafec26edac74cfcb411e6526c608c6d,frm-a596bdf78a3f453ca12ae050c04e5faf,fld-5c5ec20f701747a099bf22eeab163484,rec-69c2d738cb8d4ba7bb84f174e36899b1,Hair,14579,,cl-EV169
rec-1bc0bcf34c364570b403252ece75b719,frm-a596bdf78a3f453ca12ae050c04e5faf,fld-5c5ec20f701747a099bf22eeab163484,rec-69c2d738cb8d4ba7bb84f174e36899b1,Hair,14580,,cl-EV170
rec-88c1bc2541244bcd9188f48c2dfd47b5,frm-a596bdf78a3f453ca12ae050c04e5faf,fld-5c5ec20f701747a099bf22eeab163484,rec-69c2d738cb8d4ba7bb84f174e36899b1,Tissue,14581,,cl-EV171
rec-317f2abe0e7840e580a4d914fd991176,frm-a596bdf78a3f453ca12ae050c04e5faf,fld-5c5ec20f701747a099bf22eeab163484,rec-69c2d738cb8d4ba7bb84f174e36899b1,Tooth,14582,,cl-EV172
rec-e0334ecd771e4a96b181fdb9b3b45244,frm-a596bdf78a3f453ca12ae050c04e5faf,fld-5c5ec20f701747a099bf22eeab163484,rec-aa3d076dd007429ab3fa6fafee4dc2a7,Hair,15147,,cl-EV165
rec-f4d3438959c8455a853733ae1635e7cc,frm-a596bdf78a3f453ca12ae050c04e5faf,fld-5c5ec20f701747a099bf22eeab163484,rec-aa3d076dd007429ab3fa6fafee4dc2a7,Hair,15150,,cl-EV166
rec-d876488724634bdba58174a3d8cb9eec,frm-a596bdf78a3f453ca12ae050c04e5faf,fld-5c5ec20f701747a099bf22eeab163484,rec-aa3d076dd007429ab3fa6fafee4dc2a7,Tissue,15148,,cl-EV167
rec-a847b66b13a64274bde9353893ee0e05,frm-a596bdf78a3f453ca12ae050c04e5faf,fld-5c5ec20f701747a099bf22eeab163484,rec-aa3d076dd007429ab3fa6fafee4dc2a7,Tooth,15149,,cl-EV168
rec-3f1a265309a6454387579a6b0fbd0927,frm-a596bdf78a3f453ca12ae050c04e5faf,fld-5c5ec20f701747a099bf22eeab163484,rec-9a523cf690a44615afce8f80e356a641,Hair,14971,,cl-EV162
rec-51bbf1b0c9574fad8e20d0cef46a9be1,frm-a596bdf78a3f453ca12ae050c04e5faf,fld-5c5ec20f701747a099bf22eeab163484,rec-9a523cf690a44615afce8f80e356a641,Hair,14983,,cl-EV163
rec-3cf78aa80f4241948beddf7400fbe89b,frm-a596bdf78a3f453ca12ae050c04e5faf,fld-5c5ec20f701747a099bf22eeab163484,rec-9a523cf690a44615afce8f80e356a641,Tissue,15028,,cl-EV164
rec-8d78293f8496492296ad5432f20b1bf1,frm-a596bdf78a3f453ca12ae050c04e5faf,fld-5c5ec20f701747a099bf22eeab163484,rec-71e072f5c7984a4397930cf5a830e510,Hair,15152,,cl-EV158
rec-65aee0cca65548918d552e69e00f1806,frm-a596bdf78a3f453ca12ae050c04e5faf,fld-5c5ec20f701747a099bf22eeab163484,rec-71e072f5c7984a4397930cf5a830e510,Hair,15151,,cl-EV159
rec-e2c35bfcc64644a0b01f84d4b9731c63,frm-a596bdf78a3f453ca12ae050c04e5faf,fld-5c5ec20f701747a099bf22eeab163484,rec-71e072f5c7984a4397930cf5a830e510,Tissue,15153,,cl-EV160
rec-b8dc2cbed1824cdab2ffd7c890bf42ee,frm-a596bdf78a3f453ca12ae050c04e5faf,fld-5c5ec20f701747a099bf22eeab163484,rec-71e072f5c7984a4397930cf5a830e510,Tooth,14909,,cl-EV161
rec-f52c14cc54224435a8a220e331f8c2f3,frm-a596bdf78a3f453ca12ae050c04e5faf,fld-5c5ec20f701747a099bf22eeab163484,rec-c3ceed370b7e48e09950c9d56df7325a,Hair,15241,,cl-EV154
rec-d109e2c6f01e42a49e4a367282b87dd2,frm-a596bdf78a3f453ca12ae050c04e5faf,fld-5c5ec20f701747a099bf22eeab163484,rec-c3ceed370b7e48e09950c9d56df7325a,Hair,15242,,cl-EV155
rec-1dc9ad2535e744ea930ec428345a16f7,frm-a596bdf78a3f453ca12ae050c04e5faf,fld-5c5ec20f701747a099bf22eeab163484,rec-c3ceed370b7e48e09950c9d56df7325a,Tissue,15243,,cl-EV156
rec-16ac313892cb437a8bd7673c7fd1f7ef,frm-a596bdf78a3f453ca12ae050c04e5faf,fld-5c5ec20f701747a099bf22eeab163484,rec-c3ceed370b7e48e09950c9d56df7325a,Tooth,15244,,cl-EV157
rec-e0e98bf1aa7c404a978e67200677fe98,frm-a596bdf78a3f453ca12ae050c04e5faf,fld-5c5ec20f701747a099bf22eeab163484,rec-f4c9552c4a4c4f6d8a69affc1c6ca762,Hair,15237,,cl-EV153
rec-9bec1cfc4b8341c0a905bf965e4ee97f,frm-a596bdf78a3f453ca12ae050c04e5faf,fld-5c5ec20f701747a099bf22eeab163484,rec-0df7e38d11464be08343657f0ef9b96b,Hair,15238,,cl-EV151
rec-37c34430b8404469a00cb60bad9d5357,frm-a596bdf78a3f453ca12ae050c04e5faf,fld-5c5ec20f701747a099bf22eeab163484,rec-0df7e38d11464be08343657f0ef9b96b,Tooth,15161,,cl-EV152
rec-9c7c1005697247fd93224ce37ce9cb2a,frm-a596bdf78a3f453ca12ae050c04e5faf,fld-5c5ec20f701747a099bf22eeab163484,rec-1d954a65e7d042cca85dd9bb4922bd30,Hair,15240,,cl-EV149
rec-a63b4a8841fe4b89b687293ad2faae84,frm-a596bdf78a3f453ca12ae050c04e5faf,fld-5c5ec20f701747a099bf22eeab163484,rec-1d954a65e7d042cca85dd9bb4922bd30,Hair,15239,,cl-EV150
rec-18cbdfb6cc2b4757bea4cf370589f022,frm-a596bdf78a3f453ca12ae050c04e5faf,fld-5c5ec20f701747a099bf22eeab163484,rec-ea79f3c548ea4a47a373edcdc1830aca,Hair,15245,,cl-EV145
rec-928a651d0223419bbbb699916f8cb2b5,frm-a596bdf78a3f453ca12ae050c04e5faf,fld-5c5ec20f701747a099bf22eeab163484,rec-ea79f3c548ea4a47a373edcdc1830aca,Hair,15246,,cl-EV146
rec-d8c1a9f3368e4bc3b5eea86b1a9fb8f4,frm-a596bdf78a3f453ca12ae050c04e5faf,fld-5c5ec20f701747a099bf22eeab163484,rec-ea79f3c548ea4a47a373edcdc1830aca,Tissue,15253,,cl-EV147
rec-029c52cf8a074bc8a53f387ab3b46b9e,frm-a596bdf78a3f453ca12ae050c04e5faf,fld-5c5ec20f701747a099bf22eeab163484,rec-ea79f3c548ea4a47a373edcdc1830aca,Tooth,14916,,cl-EV148
rec-fdc94f4a79b144c6b54d1f8db818ef4e,frm-a596bdf78a3f453ca12ae050c04e5faf,fld-5c5ec20f701747a099bf22eeab163484,rec-ef183c4e666f41dc9f6598b4281b38fe,Hair,14979,,cl-EV141
rec-f42add8eac4d4a95898b3786d758c967,frm-a596bdf78a3f453ca12ae050c04e5faf,fld-5c5ec20f701747a099bf22eeab163484,rec-ef183c4e666f41dc9f6598b4281b38fe,Hair,14980,,cl-EV142
rec-4095c540d150472188ed7e96bbfd9da6,frm-a596bdf78a3f453ca12ae050c04e5faf,fld-5c5ec20f701747a099bf22eeab163484,rec-ef183c4e666f41dc9f6598b4281b38fe,Tissue,14981,,cl-EV143
rec-9679c884a5214364a1c735ca765ac73e,frm-a596bdf78a3f453ca12ae050c04e5faf,fld-5c5ec20f701747a099bf22eeab163484,rec-ef183c4e666f41dc9f6598b4281b38fe,Tooth,14982,,cl-EV144
rec-73549d86dbb046f3a4bd7fa788b8fca8,frm-a596bdf78a3f453ca12ae050c04e5faf,fld-5c5ec20f701747a099bf22eeab163484,rec-df0a650c9d6949398f635599ce82a2cc,Hair,14975,,cl-EV137
rec-01b357cb485b4a8fa8936ad894c6e132,frm-a596bdf78a3f453ca12ae050c04e5faf,fld-5c5ec20f701747a099bf22eeab163484,rec-df0a650c9d6949398f635599ce82a2cc,Hair,14976,,cl-EV138
rec-675a1f7ab73d48199b786021b74653e7,frm-a596bdf78a3f453ca12ae050c04e5faf,fld-5c5ec20f701747a099bf22eeab163484,rec-df0a650c9d6949398f635599ce82a2cc,Tissue,14977,,cl-EV139
rec-fb863723961146ad89f431937a3b5ee2,frm-a596bdf78a3f453ca12ae050c04e5faf,fld-5c5ec20f701747a099bf22eeab163484,rec-df0a650c9d6949398f635599ce82a2cc,Tooth,14978,,cl-EV140
rec-c191ea1475f3407ca343d8563a275cf9,frm-a596bdf78a3f453ca12ae050c04e5faf,fld-5c5ec20f701747a099bf22eeab163484,rec-4883fd0918c44e5692d87024d4e88a04,Hair,14973,,cl-EV135
rec-0459a1ed2d2340e6a837cbe93faaaf16,frm-a596bdf78a3f453ca12ae050c04e5faf,fld-5c5ec20f701747a099bf22eeab163484,rec-4883fd0918c44e5692d87024d4e88a04,Hair,14974,,cl-EV136
rec-2931ce49370e438fa92fa6bcb8485c97,frm-a596bdf78a3f453ca12ae050c04e5faf,fld-5c5ec20f701747a099bf22eeab163484,rec-1cf388f21f0b4e209490018f08926874,Hair,14968,,cl-EV131
rec-faf5719a48ca45818aa9cde5f06e6cec,frm-a596bdf78a3f453ca12ae050c04e5faf,fld-5c5ec20f701747a099bf22eeab163484,rec-1cf388f21f0b4e209490018f08926874,Hair,15025,,cl-EV132
rec-653ffa0ddf86468e8739a2178a1c988a,frm-a596bdf78a3f453ca12ae050c04e5faf,fld-5c5ec20f701747a099bf22eeab163484,rec-1cf388f21f0b4e209490018f08926874,Tissue,14972,,cl-EV133
rec-7c6528bd66014c60ad423ef29013425d,frm-a596bdf78a3f453ca12ae050c04e5faf,fld-5c5ec20f701747a099bf22eeab163484,rec-1cf388f21f0b4e209490018f08926874,Tooth,15026,,cl-EV134
rec-f1dc076e0d854c8796ac850e6b95144f,frm-a596bdf78a3f453ca12ae050c04e5faf,fld-5c5ec20f701747a099bf22eeab163484,rec-dfa8bdb398bf4ac8947d0a83fa4fe39a,Hair,14963,,cl-EV127
rec-43296d9d496944bfaaaf8d95790d8320,frm-a596bdf78a3f453ca12ae050c04e5faf,fld-5c5ec20f701747a099bf22eeab163484,rec-dfa8bdb398bf4ac8947d0a83fa4fe39a,Hair,14967,,cl-EV128
rec-8c7bc7b0e8d74105b7f24f4f1da5aff2,frm-a596bdf78a3f453ca12ae050c04e5faf,fld-5c5ec20f701747a099bf22eeab163484,rec-dfa8bdb398bf4ac8947d0a83fa4fe39a,Tissue,14969,,cl-EV129
rec-c277992ad7ae44be87e5362e813c3b8b,frm-a596bdf78a3f453ca12ae050c04e5faf,fld-5c5ec20f701747a099bf22eeab163484,rec-dfa8bdb398bf4ac8947d0a83fa4fe39a,Tooth,14970,,cl-EV130
rec-b38ba86702c1416fb006fac6018cf6e1,frm-a596bdf78a3f453ca12ae050c04e5faf,fld-5c5ec20f701747a099bf22eeab163484,rec-a147feca366f403cac6ba4341a167f36,Hair,15022,,cl-EV123
rec-623682f9d6a743f1b704b8953043fed5,frm-a596bdf78a3f453ca12ae050c04e5faf,fld-5c5ec20f701747a099bf22eeab163484,rec-a147feca366f403cac6ba4341a167f36,Hair,15023,,cl-EV124
rec-2f00633d4a7b4a338b8efb87faca5af9,frm-a596bdf78a3f453ca12ae050c04e5faf,fld-5c5ec20f701747a099bf22eeab163484,rec-a147feca366f403cac6ba4341a167f36,Tissue,14960,,cl-EV125
rec-7a53025a8bed43cd8c85d39206ef0418,frm-a596bdf78a3f453ca12ae050c04e5faf,fld-5c5ec20f701747a099bf22eeab163484,rec-a147feca366f403cac6ba4341a167f36,Tooth,15024,,cl-EV126
rec-5c9702cd9f9f46cb9dfacd7fec69c669,frm-a596bdf78a3f453ca12ae050c04e5faf,fld-5c5ec20f701747a099bf22eeab163484,rec-e32df5f8c035476593b70bb056c858a2,Hair,14965,,cl-EV120
rec-2e82a6d59259478783bc44932a68b1d7,frm-a596bdf78a3f453ca12ae050c04e5faf,fld-5c5ec20f701747a099bf22eeab163484,rec-e32df5f8c035476593b70bb056c858a2,Tissue,14964,,cl-EV121
rec-cdeb0e2cb9a644a68c8bc7a85d11c286,frm-a596bdf78a3f453ca12ae050c04e5faf,fld-5c5ec20f701747a099bf22eeab163484,rec-e32df5f8c035476593b70bb056c858a2,Tooth,14966,,cl-EV122
rec-cd9fb51a4d504b61a4bf292967714c1e,frm-a596bdf78a3f453ca12ae050c04e5faf,fld-5c5ec20f701747a099bf22eeab163484,rec-2cd1c4c947454080b1e2c0b6494782fa,Hair,14961,,cl-EV118
rec-a21daf8478d747a998b5b37f3d6b3785,frm-a596bdf78a3f453ca12ae050c04e5faf,fld-5c5ec20f701747a099bf22eeab163484,rec-2cd1c4c947454080b1e2c0b6494782fa,Tissue,14962,,cl-EV119
rec-6db5428939024d448e50818a01ceec28,frm-a596bdf78a3f453ca12ae050c04e5faf,fld-5c5ec20f701747a099bf22eeab163484,rec-9dd935812afc4e4ca947421c7f39ae0a,Hair,14915,,cl-EV114
rec-18bf63581c65482ca909cabaf54d9c8e,frm-a596bdf78a3f453ca12ae050c04e5faf,fld-5c5ec20f701747a099bf22eeab163484,rec-9dd935812afc4e4ca947421c7f39ae0a,Hair,15254,,cl-EV115
rec-b849e79d813d4525ba43d95d73ab050a,frm-a596bdf78a3f453ca12ae050c04e5faf,fld-5c5ec20f701747a099bf22eeab163484,rec-9dd935812afc4e4ca947421c7f39ae0a,Tissue,15021,,cl-EV116
rec-31f5d61a6fe24e01a2d586d55097adff,frm-a596bdf78a3f453ca12ae050c04e5faf,fld-5c5ec20f701747a099bf22eeab163484,rec-9dd935812afc4e4ca947421c7f39ae0a,Tooth,15247,,cl-EV117
rec-c7b2089a626044038bceb06418cb76ee,frm-a596bdf78a3f453ca12ae050c04e5faf,fld-5c5ec20f701747a099bf22eeab163484,rec-02f170ad24784be19fddecffa7eb9e4c,Hair,15252,,cl-EV112
rec-dfc1e69e8b364f41a2c8df5b454b5125,frm-a596bdf78a3f453ca12ae050c04e5faf,fld-5c5ec20f701747a099bf22eeab163484,rec-02f170ad24784be19fddecffa7eb9e4c,Hair,15248,,cl-EV113
rec-1ef25899390741f4a2fa99b34992fad8,frm-a596bdf78a3f453ca12ae050c04e5faf,fld-5c5ec20f701747a099bf22eeab163484,rec-58af735d776847249a781462a686249a,Hair,15316,,cl-EV108
rec-2c512ff6facf481194c1acc157309edc,frm-a596bdf78a3f453ca12ae050c04e5faf,fld-5c5ec20f701747a099bf22eeab163484,rec-58af735d776847249a781462a686249a,Hair,15019,,cl-EV109
rec-e87c651bb2434674aacdb39d034bc063,frm-a596bdf78a3f453ca12ae050c04e5faf,fld-5c5ec20f701747a099bf22eeab163484,rec-58af735d776847249a781462a686249a,Tissue,15318,,cl-EV110
rec-155153be27a6493cb8d833bb2ce22874,frm-a596bdf78a3f453ca12ae050c04e5faf,fld-5c5ec20f701747a099bf22eeab163484,rec-58af735d776847249a781462a686249a,Tooth,15328,,cl-EV111
rec-92de9da07b1d46eda86958039f133715,frm-a596bdf78a3f453ca12ae050c04e5faf,fld-5c5ec20f701747a099bf22eeab163484,rec-9bb9a09f48d845f5bd31a659c0d25685,Hair,15020,,cl-EV103
rec-0beddf5f194c455b9586602646b9112b,frm-a596bdf78a3f453ca12ae050c04e5faf,fld-5c5ec20f701747a099bf22eeab163484,rec-01c9f33514fe482da10b152f7b99c828,Hair,14984,,cl-EV104
rec-9103c13dbadd476194702c9c1f033726,frm-a596bdf78a3f453ca12ae050c04e5faf,fld-5c5ec20f701747a099bf22eeab163484,rec-01c9f33514fe482da10b152f7b99c828,Hair,15016,,cl-EV105
rec-45870a63997e4944813bfa951a8ae0b7,frm-a596bdf78a3f453ca12ae050c04e5faf,fld-5c5ec20f701747a099bf22eeab163484,rec-01c9f33514fe482da10b152f7b99c828,Tissue,15017,,cl-EV106
rec-70ce21ddf4094313a286b27b89d5cf8d,frm-a596bdf78a3f453ca12ae050c04e5faf,fld-5c5ec20f701747a099bf22eeab163484,rec-01c9f33514fe482da10b152f7b99c828,Tooth,15018,,cl-EV107
rec-592d31c4ecf3418c9aea40b767b5e6a9,frm-a596bdf78a3f453ca12ae050c04e5faf,fld-5c5ec20f701747a099bf22eeab163484,rec-4e21a73151324065bc9405d5ac9db8f2,Hair,14908,,cl-EV99
rec-d8f9e311152d428bb809e51fb66c0892,frm-a596bdf78a3f453ca12ae050c04e5faf,fld-5c5ec20f701747a099bf22eeab163484,rec-4e21a73151324065bc9405d5ac9db8f2,Hair,14907,,cl-EV100
rec-707b6521ca144dc89f3d7d5280d4d27a,frm-a596bdf78a3f453ca12ae050c04e5faf,fld-5c5ec20f701747a099bf22eeab163484,rec-4e21a73151324065bc9405d5ac9db8f2,Tissue,14906,,cl-EV101
rec-09aa5098025543a6bf2d94687d78280b,frm-a596bdf78a3f453ca12ae050c04e5faf,fld-5c5ec20f701747a099bf22eeab163484,rec-4e21a73151324065bc9405d5ac9db8f2,Tooth,14905,,cl-EV102
rec-5272867f53c448a2aebbb123f5a702d3,frm-a596bdf78a3f453ca12ae050c04e5faf,fld-5c5ec20f701747a099bf22eeab163484,rec-a72158d239034a50988e76be693bf046,Hair,14919,,cl-EV92
rec-f26dea7aa1a94bcab2a305f9219ecdb9,frm-a596bdf78a3f453ca12ae050c04e5faf,fld-5c5ec20f701747a099bf22eeab163484,rec-a72158d239034a50988e76be693bf046,Hair,14920,,cl-EV93
rec-7730ece64d3a4d9e884bba37b9436899,frm-a596bdf78a3f453ca12ae050c04e5faf,fld-5c5ec20f701747a099bf22eeab163484,rec-a72158d239034a50988e76be693bf046,Tissue,14918,,cl-EV94
rec-13adc9dcda9f491794c235acddb4c452,frm-a596bdf78a3f453ca12ae050c04e5faf,fld-5c5ec20f701747a099bf22eeab163484,rec-a72158d239034a50988e76be693bf046,Tooth,14904,,cl-EV95
rec-3fdb6e0a67284a42a19b5ea912191d65,frm-a596bdf78a3f453ca12ae050c04e5faf,fld-5c5ec20f701747a099bf22eeab163484,rec-60fd2cc71e924535bd58e612dab3b507,Hair,14923,,cl-EV88
rec-50e206979d274d60b25e9467f31e1ab7,frm-a596bdf78a3f453ca12ae050c04e5faf,fld-5c5ec20f701747a099bf22eeab163484,rec-60fd2cc71e924535bd58e612dab3b507,Hair,14903,,cl-EV89
rec-3348c93c6bd5490abb31a72c58065afa,frm-a596bdf78a3f453ca12ae050c04e5faf,fld-5c5ec20f701747a099bf22eeab163484,rec-60fd2cc71e924535bd58e612dab3b507,Tissue,14921,,cl-EV90
rec-5d157f012a2046dc8645bf8008e39d02,frm-a596bdf78a3f453ca12ae050c04e5faf,fld-5c5ec20f701747a099bf22eeab163484,rec-60fd2cc71e924535bd58e612dab3b507,Tooth,14922,,cl-EV91
rec-5327aa1fd026451ba87a2dcc708a79f0,frm-a596bdf78a3f453ca12ae050c04e5faf,fld-5c5ec20f701747a099bf22eeab163484,rec-cb110e2742e9433d8ad3b33030336a81,Hair,14925,,cl-EV84
rec-83ad0cd48df74e1cba5b7e1eaaaf08b6,frm-a596bdf78a3f453ca12ae050c04e5faf,fld-5c5ec20f701747a099bf22eeab163484,rec-cb110e2742e9433d8ad3b33030336a81,Hair,14902,,cl-EV85
rec-0862c1ba4043401bb23490846357131e,frm-a596bdf78a3f453ca12ae050c04e5faf,fld-5c5ec20f701747a099bf22eeab163484,rec-cb110e2742e9433d8ad3b33030336a81,Tissue,14901,,cl-EV86
rec-ef9445656e244ec9a0e8c248c9da8bd4,frm-a596bdf78a3f453ca12ae050c04e5faf,fld-5c5ec20f701747a099bf22eeab163484,rec-cb110e2742e9433d8ad3b33030336a81,Tooth,14900,,cl-EV87
rec-71fa1e6e673d4c3dbd282af114a39bc1,frm-a596bdf78a3f453ca12ae050c04e5faf,fld-5c5ec20f701747a099bf22eeab163484,rec-faf177652afc4a0da55cd973cc480c6c,Hair,14898,,cl-EV96
rec-3f7a8ef5418a4deaa46be888bbaa1a9b,frm-a596bdf78a3f453ca12ae050c04e5faf,fld-5c5ec20f701747a099bf22eeab163484,rec-faf177652afc4a0da55cd973cc480c6c,Hair,14899,,cl-EV97
rec-2ae66376c0a542619a63d4fae2548cfa,frm-a596bdf78a3f453ca12ae050c04e5faf,fld-5c5ec20f701747a099bf22eeab163484,rec-faf177652afc4a0da55cd973cc480c6c,Tissue,14897,,cl-EV98
rec-034ceda59b3947698a214cb19810232a,frm-a596bdf78a3f453ca12ae050c04e5faf,fld-5c5ec20f701747a099bf22eeab163484,rec-2726a0e63fe842b495db479349912e7e,Hair,14942,,cl-EV80
rec-9b5eff2aa22f4dbf8f4962e2d98e8070,frm-a596bdf78a3f453ca12ae050c04e5faf,fld-5c5ec20f701747a099bf22eeab163484,rec-2726a0e63fe842b495db479349912e7e,Hair,14941,,cl-EV81
rec-3b69e668e15b417ba7358a91f0968b98,frm-a596bdf78a3f453ca12ae050c04e5faf,fld-5c5ec20f701747a099bf22eeab163484,rec-2726a0e63fe842b495db479349912e7e,Tissue,14939,,cl-EV82
rec-0c366aec8348422f9e16ed5e9d06c0dd,frm-a596bdf78a3f453ca12ae050c04e5faf,fld-5c5ec20f701747a099bf22eeab163484,rec-2726a0e63fe842b495db479349912e7e,Tooth,14940,,cl-EV83
rec-a2a22c0391844ac29a7a3d268b2f0b67,frm-a596bdf78a3f453ca12ae050c04e5faf,fld-5c5ec20f701747a099bf22eeab163484,rec-dcc15bbcaf304a84942c488da0c7e8de,Hair,14945,,cl-EV76
rec-ba2238ca57604f5190937337f68347b4,frm-a596bdf78a3f453ca12ae050c04e5faf,fld-5c5ec20f701747a099bf22eeab163484,rec-dcc15bbcaf304a84942c488da0c7e8de,Hair,14996,,cl-EV77
rec-1cac5855a63945d09014033caf3a58cb,frm-a596bdf78a3f453ca12ae050c04e5faf,fld-5c5ec20f701747a099bf22eeab163484,rec-dcc15bbcaf304a84942c488da0c7e8de,Tissue,14943,,cl-EV78
rec-98ba0bd2f5f14c6a93199d6508432d40,frm-a596bdf78a3f453ca12ae050c04e5faf,fld-5c5ec20f701747a099bf22eeab163484,rec-dcc15bbcaf304a84942c488da0c7e8de,Tooth,14944,,cl-EV79
rec-ef53fe80235e488aa32ac8fcf150c1c3,frm-a596bdf78a3f453ca12ae050c04e5faf,fld-5c5ec20f701747a099bf22eeab163484,rec-4199dc1226904b5584ef9390360a5bbf,Hair,14993,,cl-EV72
rec-f48b52bd12504bfa9ea52e166901344d,frm-a596bdf78a3f453ca12ae050c04e5faf,fld-5c5ec20f701747a099bf22eeab163484,rec-4199dc1226904b5584ef9390360a5bbf,Hair,14992,,cl-EV73
rec-599b63280224466797b75c1855b9ca47,frm-a596bdf78a3f453ca12ae050c04e5faf,fld-5c5ec20f701747a099bf22eeab163484,rec-4199dc1226904b5584ef9390360a5bbf,Tissue,14994,,cl-EV74
rec-34529abb70d34908866a67b32a24c42b,frm-a596bdf78a3f453ca12ae050c04e5faf,fld-5c5ec20f701747a099bf22eeab163484,rec-4199dc1226904b5584ef9390360a5bbf,Tooth,14995,,cl-EV75
rec-e2518f355c15456289f40ad8863b2dfc,frm-a596bdf78a3f453ca12ae050c04e5faf,fld-5c5ec20f701747a099bf22eeab163484,rec-6367190419934d969e1f2753f6f46cac,Hair,14949,,cl-EV68
rec-a97139850ef34fde820ba1397bf54081,frm-a596bdf78a3f453ca12ae050c04e5faf,fld-5c5ec20f701747a099bf22eeab163484,rec-6367190419934d969e1f2753f6f46cac,Hair,14950,,cl-EV69
rec-199f98e242b24d7bb4c0c520c0da2da0,frm-a596bdf78a3f453ca12ae050c04e5faf,fld-5c5ec20f701747a099bf22eeab163484,rec-6367190419934d969e1f2753f6f46cac,Tissue,14948,,cl-EV70
rec-91fd8e4464c544e7a157e05b46387f7f,frm-a596bdf78a3f453ca12ae050c04e5faf,fld-5c5ec20f701747a099bf22eeab163484,rec-6367190419934d969e1f2753f6f46cac,Tooth,14947,,cl-EV71
rec-b3d9a794ec9f4891bb41ccb0d251f7a7,frm-a596bdf78a3f453ca12ae050c04e5faf,fld-5c5ec20f701747a099bf22eeab163484,rec-85c4d602fe634550bb125a32dea39fce,Hair,15358,,cl-EV64
rec-36c8570d2fb34255902b87ed355acb8e,frm-a596bdf78a3f453ca12ae050c04e5faf,fld-5c5ec20f701747a099bf22eeab163484,rec-85c4d602fe634550bb125a32dea39fce,Hair,15359,,cl-EV65
rec-d467e6622f334153a117b31a7c3dbd76,frm-a596bdf78a3f453ca12ae050c04e5faf,fld-5c5ec20f701747a099bf22eeab163484,rec-85c4d602fe634550bb125a32dea39fce,Tissue,15375,,cl-EV66
rec-0add75a8d9ef4795a7b001ba8eb2d9ef,frm-a596bdf78a3f453ca12ae050c04e5faf,fld-5c5ec20f701747a099bf22eeab163484,rec-85c4d602fe634550bb125a32dea39fce,Tooth,15374,,cl-EV67
rec-2ae29d4323624db2824a01134b63c2a9,frm-a596bdf78a3f453ca12ae050c04e5faf,fld-5c5ec20f701747a099bf22eeab163484,rec-1e14c46466be47dfbdf7871e969255fb,Hair,15382,,cl-EV60
rec-261626f7458d4c8a82b59754b96e865d,frm-a596bdf78a3f453ca12ae050c04e5faf,fld-5c5ec20f701747a099bf22eeab163484,rec-1e14c46466be47dfbdf7871e969255fb,Hair,15357,,cl-EV61
rec-b75cd9c5b83c4ecb9bac631937e7784d,frm-a596bdf78a3f453ca12ae050c04e5faf,fld-5c5ec20f701747a099bf22eeab163484,rec-1e14c46466be47dfbdf7871e969255fb,Tissue,15351,,cl-EV62
rec-54305f6c321945d1bb8a70149c161403,frm-a596bdf78a3f453ca12ae050c04e5faf,fld-5c5ec20f701747a099bf22eeab163484,rec-1e14c46466be47dfbdf7871e969255fb,Tooth,15391,,cl-EV63
rec-56f0326e369042bd9d6e3021a6327484,frm-a596bdf78a3f453ca12ae050c04e5faf,fld-5c5ec20f701747a099bf22eeab163484,rec-f26e4b720ef84ff0898fcbdfcb6ad56d,Hair,15353,,cl-EV56
rec-d91e500cbf704b258123d4ea766bed1b,frm-a596bdf78a3f453ca12ae050c04e5faf,fld-5c5ec20f701747a099bf22eeab163484,rec-f26e4b720ef84ff0898fcbdfcb6ad56d,Hair,15352,,cl-EV57
rec-b71aa0d3ce514c80a17736a488ac42f5,frm-a596bdf78a3f453ca12ae050c04e5faf,fld-5c5ec20f701747a099bf22eeab163484,rec-f26e4b720ef84ff0898fcbdfcb6ad56d,Tissue,15354,,cl-EV58
rec-e94f4fd62dd94f688a2208524c3af67e,frm-a596bdf78a3f453ca12ae050c04e5faf,fld-5c5ec20f701747a099bf22eeab163484,rec-f26e4b720ef84ff0898fcbdfcb6ad56d,Tooth,15355,,cl-EV59
rec-32e24a69ca6c4584934f72874654f5a8,frm-a596bdf78a3f453ca12ae050c04e5faf,fld-5c5ec20f701747a099bf22eeab163484,rec-50db3b3426bf467ea75fd03e8503b7a7,Hair,15387,,cl-EV53
rec-861e671538354347add1374ba45c90fd,frm-a596bdf78a3f453ca12ae050c04e5faf,fld-5c5ec20f701747a099bf22eeab163484,rec-50db3b3426bf467ea75fd03e8503b7a7,Hair,15388,,cl-EV54
rec-6b7d9103fe1e45aabb0b25d8134928cb,frm-a596bdf78a3f453ca12ae050c04e5faf,fld-5c5ec20f701747a099bf22eeab163484,rec-50db3b3426bf467ea75fd03e8503b7a7,Tissue,15389,,cl-EV55
rec-6209a21738ef4dd4a51f2114d70fda9b,frm-a596bdf78a3f453ca12ae050c04e5faf,fld-5c5ec20f701747a099bf22eeab163484,rec-732d5757946943359fddcf3a48299958,Hair,15349,,cl-EV50
rec-393ccc02fa114fd2bfacaf9bea8b2999,frm-a596bdf78a3f453ca12ae050c04e5faf,fld-5c5ec20f701747a099bf22eeab163484,rec-732d5757946943359fddcf3a48299958,Hair,15390,,cl-EV51
rec-049566c5badb42a3a3f9018e53073232,frm-a596bdf78a3f453ca12ae050c04e5faf,fld-5c5ec20f701747a099bf22eeab163484,rec-732d5757946943359fddcf3a48299958,Tissue,15378,,cl-EV52
rec-60eea64c0f704f61b2542efc8c03a1f9,frm-a596bdf78a3f453ca12ae050c04e5faf,fld-5c5ec20f701747a099bf22eeab163484,rec-cab3cdf649204a4695d69f0d0deeb375,Hair,15462,,cl-EV47
rec-fc7b2ab1afe54620aba71479df5a2ec2,frm-a596bdf78a3f453ca12ae050c04e5faf,fld-5c5ec20f701747a099bf22eeab163484,rec-cab3cdf649204a4695d69f0d0deeb375,Tissue,15346,,cl-EV48
rec-e3872cf2f0a342b1b9614df4fcdb70aa,frm-a596bdf78a3f453ca12ae050c04e5faf,fld-5c5ec20f701747a099bf22eeab163484,rec-cab3cdf649204a4695d69f0d0deeb375,Tooth,15345,,cl-EV49
rec-79c2d19cfd0644079e1057006691546b,frm-a596bdf78a3f453ca12ae050c04e5faf,fld-5c5ec20f701747a099bf22eeab163484,rec-33d60c0996f54cb08ba63645819ac1bf,Hair,15449,,cl-EV43
rec-566fe6677271430c9d125083dcf335c7,frm-a596bdf78a3f453ca12ae050c04e5faf,fld-5c5ec20f701747a099bf22eeab163484,rec-33d60c0996f54cb08ba63645819ac1bf,Hair,15451,,cl-EV44
rec-5bd97394bb4143b98033a2018647ea59,frm-a596bdf78a3f453ca12ae050c04e5faf,fld-5c5ec20f701747a099bf22eeab163484,rec-33d60c0996f54cb08ba63645819ac1bf,Tissue,15448,,cl-EV45
rec-6c80108e33374778b90550eb4f3f7283,frm-a596bdf78a3f453ca12ae050c04e5faf,fld-5c5ec20f701747a099bf22eeab163484,rec-33d60c0996f54cb08ba63645819ac1bf,Tooth,15463,,cl-EV46
rec-0143bd37dc414357981aebf04150d292,frm-a596bdf78a3f453ca12ae050c04e5faf,fld-5c5ec20f701747a099bf22eeab163484,rec-ba1135ae3ecf4235bef0d43029ce5e77,Hair,15442,,cl-EV39
rec-daaa808c00884af79d76a0e06cd5a380,frm-a596bdf78a3f453ca12ae050c04e5faf,fld-5c5ec20f701747a099bf22eeab163484,rec-ba1135ae3ecf4235bef0d43029ce5e77,Hair,15445,,cl-EV40
rec-545043d6786140e3a34e6e943c1d819b,frm-a596bdf78a3f453ca12ae050c04e5faf,fld-5c5ec20f701747a099bf22eeab163484,rec-ba1135ae3ecf4235bef0d43029ce5e77,Tissue,15444,,cl-EV41
rec-ccc145d81eda4712bf5a75e439ab3508,frm-a596bdf78a3f453ca12ae050c04e5faf,fld-5c5ec20f701747a099bf22eeab163484,rec-ba1135ae3ecf4235bef0d43029ce5e77,Tooth,15443,,cl-EV42
rec-732a2915e8304499901eed19c414ff6f,frm-a596bdf78a3f453ca12ae050c04e5faf,fld-5c5ec20f701747a099bf22eeab163484,rec-9eafe2d5e9db43418302f42691586e3b,Hair,,,cl-EV38
rec-a347bf518af74d92b4e2c96e3e3252e9,frm-a596bdf78a3f453ca12ae050c04e5faf,fld-5c5ec20f701747a099bf22eeab163484,rec-198c8fb125ad489cb54e32497d559683,Hair,15473,,cl-EV34
rec-21c5892fed1645ce829f3df032edcbd9,frm-a596bdf78a3f453ca12ae050c04e5faf,fld-5c5ec20f701747a099bf22eeab163484,rec-198c8fb125ad489cb54e32497d559683,Hair,15474,,cl-EV35
rec-b247bff6d0f244d39536cdfb8a7c142c,frm-a596bdf78a3f453ca12ae050c04e5faf,fld-5c5ec20f701747a099bf22eeab163484,rec-198c8fb125ad489cb54e32497d559683,Tissue,15450,,cl-EV36
rec-edde07fced6443c4bcd011ef2fbf61d3,frm-a596bdf78a3f453ca12ae050c04e5faf,fld-5c5ec20f701747a099bf22eeab163484,rec-198c8fb125ad489cb54e32497d559683,Tooth,15475,,cl-EV37
rec-ec098756eeb2418e8e4e9b040a51d3bd,frm-a596bdf78a3f453ca12ae050c04e5faf,fld-5c5ec20f701747a099bf22eeab163484,rec-80298411f6b14f05a3adf4a2c350449b,Hair,15471,,cl-EV30
rec-3419c892286d47d195a2a11f3bf88fdb,frm-a596bdf78a3f453ca12ae050c04e5faf,fld-5c5ec20f701747a099bf22eeab163484,rec-80298411f6b14f05a3adf4a2c350449b,Hair,15470,,cl-EV31
rec-8c700d716dce406dbcd5a99f662c7084,frm-a596bdf78a3f453ca12ae050c04e5faf,fld-5c5ec20f701747a099bf22eeab163484,rec-80298411f6b14f05a3adf4a2c350449b,Tissue,15469,,cl-EV32
rec-82e9e19680584d6d8f74578c9fae7401,frm-a596bdf78a3f453ca12ae050c04e5faf,fld-5c5ec20f701747a099bf22eeab163484,rec-80298411f6b14f05a3adf4a2c350449b,Tooth,15472,,cl-EV33
rec-7ad17cfe462e49078cd6ce9d3805fe70,frm-a596bdf78a3f453ca12ae050c04e5faf,fld-5c5ec20f701747a099bf22eeab163484,rec-eaed8d19fd7c47a7840e4b5b9addb4a6,Hair,15459,,cl-EV26
rec-970ec2cb0b8745a9bedf52ea97911f08,frm-a596bdf78a3f453ca12ae050c04e5faf,fld-5c5ec20f701747a099bf22eeab163484,rec-eaed8d19fd7c47a7840e4b5b9addb4a6,Hair,15452,,cl-EV27
rec-8b31f9a034e047d6b580a09cb029d905,frm-a596bdf78a3f453ca12ae050c04e5faf,fld-5c5ec20f701747a099bf22eeab163484,rec-eaed8d19fd7c47a7840e4b5b9addb4a6,Tissue,15460,,cl-EV28
rec-ddd29639f5f84f4ebb6de9b4fbb19256,frm-a596bdf78a3f453ca12ae050c04e5faf,fld-5c5ec20f701747a099bf22eeab163484,rec-eaed8d19fd7c47a7840e4b5b9addb4a6,Tooth,15461,,cl-EV29
rec-54b050a9f4c24d8b913c9c6ec8fe9a66,frm-a596bdf78a3f453ca12ae050c04e5faf,fld-5c5ec20f701747a099bf22eeab163484,rec-b5986fb5e1064fa0be31fc821b6e7847,Hair,15468,,cl-EV18
rec-a882261747a44675b9f075272006c9ea,frm-a596bdf78a3f453ca12ae050c04e5faf,fld-5c5ec20f701747a099bf22eeab163484,rec-b5986fb5e1064fa0be31fc821b6e7847,Hair,15467,,cl-EV19
rec-71f1715aac3141f1b0b5a37c2157a31a,frm-a596bdf78a3f453ca12ae050c04e5faf,fld-5c5ec20f701747a099bf22eeab163484,rec-b5986fb5e1064fa0be31fc821b6e7847,Tissue,15477,,cl-EV20
rec-8c8921b17f124bac9d9f18d5d37d4a04,frm-a596bdf78a3f453ca12ae050c04e5faf,fld-5c5ec20f701747a099bf22eeab163484,rec-b5986fb5e1064fa0be31fc821b6e7847,Tooth,15480,,cl-EV21
rec-2d472be3391143059f772d4d6a73c1f9,frm-a596bdf78a3f453ca12ae050c04e5faf,fld-5c5ec20f701747a099bf22eeab163484,rec-f909fb28154b4a279a6f3dca81febc26,Hair,15479,,cl-EV22
rec-df5e098f82244f1abf92e85b46a4be01,frm-a596bdf78a3f453ca12ae050c04e5faf,fld-5c5ec20f701747a099bf22eeab163484,rec-f909fb28154b4a279a6f3dca81febc26,Hair,15478,,cl-EV23
rec-d35c8bfea2234e8cae34c4fb2b4dfafc,frm-a596bdf78a3f453ca12ae050c04e5faf,fld-5c5ec20f701747a099bf22eeab163484,rec-f909fb28154b4a279a6f3dca81febc26,Tissue,15476,,cl-EV24
rec-273807f8345b4e8dbfbeed3affbe7b65,frm-a596bdf78a3f453ca12ae050c04e5faf,fld-5c5ec20f701747a099bf22eeab163484,rec-f909fb28154b4a279a6f3dca81febc26,Tooth,15481,,cl-EV25
rec-6041ac6f347f42f5a87fbe53a1f5b96e,frm-a596bdf78a3f453ca12ae050c04e5faf,fld-5c5ec20f701747a099bf22eeab163484,rec-f167e4017aca4b9abed5e5d09e5b9c67,Hair,15548,,cl-EV14
rec-5e16c86e7232432caf796e50a16c4970,frm-a596bdf78a3f453ca12ae050c04e5faf,fld-5c5ec20f701747a099bf22eeab163484,rec-f167e4017aca4b9abed5e5d09e5b9c67,Hair,15549,,cl-EV15
rec-e855e82ef08b4848bff94766420a63d3,frm-a596bdf78a3f453ca12ae050c04e5faf,fld-5c5ec20f701747a099bf22eeab163484,rec-f167e4017aca4b9abed5e5d09e5b9c67,Tissue,15546,,cl-EV16
rec-eff2f4c6d30f409a9e51ca804383f341,frm-a596bdf78a3f453ca12ae050c04e5faf,fld-5c5ec20f701747a099bf22eeab163484,rec-f167e4017aca4b9abed5e5d09e5b9c67,Tooth,15547,,cl-EV17
rec-4c4e75fdf0b240b693bd5a6bb976c802,frm-a596bdf78a3f453ca12ae050c04e5faf,fld-5c5ec20f701747a099bf22eeab163484,rec-1468a85dd235461490e90f8b110d64e7,Hair,15466,,cl-EV10
rec-fac0276daaf34545b8aaa898c39a6226,frm-a596bdf78a3f453ca12ae050c04e5faf,fld-5c5ec20f701747a099bf22eeab163484,rec-1468a85dd235461490e90f8b110d64e7,Hair,15465,,cl-EV11
rec-1b093dcf5fa34452a165268e5a50febc,frm-a596bdf78a3f453ca12ae050c04e5faf,fld-5c5ec20f701747a099bf22eeab163484,rec-1468a85dd235461490e90f8b110d64e7,Tissue,15550,,cl-EV12
rec-84ff0f7e74004e959b4bb4adae41bac5,frm-a596bdf78a3f453ca12ae050c04e5faf,fld-5c5ec20f701747a099bf22eeab163484,rec-1468a85dd235461490e90f8b110d64e7,Tooth,15464,,cl-EV13
rec-ac047e92f53f4e73b22f8659e17d043c,frm-a596bdf78a3f453ca12ae050c04e5faf,fld-5c5ec20f701747a099bf22eeab163484,rec-2c4545e605614040b98cd23ebc280a22,Hair,8,,cl-EV8
rec-d9fd7018f8fb418aacf13126b18a6802,frm-a596bdf78a3f453ca12ae050c04e5faf,fld-5c5ec20f701747a099bf22eeab163484,rec-2c4545e605614040b98cd23ebc280a22,Tissue,9,,cl-EV9
rec-1ef393663c8f4715b3646489c8a6ceda,frm-a596bdf78a3f453ca12ae050c04e5faf,fld-5c5ec20f701747a099bf22eeab163484,rec-1390baa19f4a49c4ad733101dcf8d983,Hair,5,,cl-EV5
rec-5f7877d78f10414fb44267a2d5687779,frm-a596bdf78a3f453ca12ae050c04e5faf,fld-5c5ec20f701747a099bf22eeab163484,rec-1390baa19f4a49c4ad733101dcf8d983,Tissue,6,,cl-EV6
rec-c21e839abcfa40a88cd1f46573e07f61,frm-a596bdf78a3f453ca12ae050c04e5faf,fld-5c5ec20f701747a099bf22eeab163484,rec-1390baa19f4a49c4ad733101dcf8d983,Tooth,7,,cl-EV7
rec-1c8c87e2552147b6b2031f2c69b0faf5,frm-a596bdf78a3f453ca12ae050c04e5faf,fld-5c5ec20f701747a099bf22eeab163484,rec-ea5c70f4679543de9946a27bc49fbe3c,Hair,1,,cl-EV1
rec-9fe89ac8a76848c5aae1615f20766def,frm-a596bdf78a3f453ca12ae050c04e5faf,fld-5c5ec20f701747a099bf22eeab163484,rec-ea5c70f4679543de9946a27bc49fbe3c,Hair,2,,cl-EV2
rec-df60590f7c554c139ff330aac77a68f3,frm-a596bdf78a3f453ca12ae050c04e5faf,fld-5c5ec20f701747a099bf22eeab163484,rec-ea5c70f4679543de9946a27bc49fbe3c,Tissue,3,,cl-EV3
rec-d59ca90edf53490ab9a6401e2b887eed,frm-a596bdf78a3f453ca12ae050c04e5faf,fld-5c5ec20f701747a099bf22eeab163484,rec-ea5c70f4679543de9946a27bc49fbe3c,Tooth,4,,cl-EV4
rec-e4eca92ffa724182b000faa78512a150,frm-a596bdf78a3f453ca12ae050c04e5faf,fld-5c5ec20f701747a099bf22eeab163484,rec-afd54d38b42d4fb09db9bef4af917d1d,Hair,,,lc-COS1001
